position;company;comp_link;sal_from;sal_to;sal_curr;sal_tax
Пентестер\Специалист по тестированию на проникновение\Администратор ИБ;METASCAN;https://hh.ru/employer/3452369?hhtmFrom=vacancy_search_list;0;220000;₽;на руки
Веб-аналитик;Changellenge;https://hh.ru/employer/1304253?hhtmFrom=vacancy_search_list;;;;
Python/Go developer (middle/middle+);Lamoda Tech;https://hh.ru/employer/9418714?hhtmFrom=vacancy_search_list;;;;
Python-разработчик;Qualitica;https://hh.ru/employer/4181561?hhtmFrom=vacancy_search_list;;;;
Программист Python;ДжамильКо;https://hh.ru/employer/2406?hhtmFrom=vacancy_search_list;150000;180000;₽;на руки
Middle Python-разработчик;AERODISK;https://hh.ru/employer/2723603?hhtmFrom=vacancy_search_list;140000;250000;₽;на руки
Python разработчик (Middle+);ООО Лаборатория Наносемантика;https://hh.ru/employer/4112759?hhtmFrom=vacancy_search_list;150000;250000;₽;на руки
Разработчик (C++, Python);Pitch;https://hh.ru/employer/2796400?hhtmFrom=vacancy_search_list;;;;
Ведущий разработчик Python;ДжамильКо;https://hh.ru/employer/2406?hhtmFrom=vacancy_search_list;200000;250000;₽;на руки
Python разработчик (Backend);R&D;https://hh.ru/employer/11036?dpt=11036-11036-rd&hhtmFrom=vacancy_search_list;;;;
QA Automation (Python);ООО Аренадата Софтвер;https://hh.ru/employer/4813742?hhtmFrom=vacancy_search_list;;;;
Python developer (MTS AI);ПАО «МТС», Live;https://hh.ru/employer/3776?dpt=mts-3776-live&hhtmFrom=vacancy_search_list;;;;
Middle Python разработчик;ООО Дивлаб;https://hh.ru/employer/10400968?hhtmFrom=vacancy_search_list;;;;
Senior Python Developer Python + Django Framework;MaxiBooking;https://hh.ru/employer/1754048?hhtmFrom=vacancy_search_list;;;;
Senior/Middle AQA (Python);Hyperus;https://hh.ru/employer/10399986?hhtmFrom=vacancy_search_list;;;;
Senior Python разработчик (удаленно);ООО Осм Консалтинг;https://hh.ru/employer/6119072?hhtmFrom=vacancy_search_list;;;;
Ведущий разработчик Python / Senior Python Developer (Django+Celery);ООО ПУЛЬС АЙТИМ;https://hh.ru/employer/9777651?hhtmFrom=vacancy_search_list;;;;
Senior Python разработчик (XOps);Сбер для экспертов;https://hh.ru/employer/3529?dpt=3529-3529-prof&hhtmFrom=vacancy_search_list;;;;
Senior Python developer (GLaDOS);Лаборатория Касперского;https://hh.ru/employer/1057?hhtmFrom=vacancy_search_list;;;;
Backend Python-developer (Django);evrone.ru;https://hh.ru/employer/598471?hhtmFrom=vacancy_search_list;0;280000;₽;на руки
Старший QA-инженер;Клируэй Текнолоджис;https://hh.ru/employer/1137609?hhtmFrom=vacancy_search_list;180000;290000;₽;до вычета налогов
Системный администратор;ООО Лан Аудит;https://hh.ru/employer/3535105?hhtmFrom=vacancy_search_list;80000;120000;₽;на руки
Middle Python developer;Группа НЛМК ИТ и Диджитал;https://hh.ru/employer/988387?dpt=988387-988387-digital&hhtmFrom=vacancy_search_list;;;;
Python-разработчик;VSEMAYKI.RU;https://hh.ru/employer/873710?hhtmFrom=vacancy_search_list;;;;
Middle QA инженер / auto+ manual (Python, Web, Mobile);ООО ПУЛЬС АЙТИМ;https://hh.ru/employer/9777651?hhtmFrom=vacancy_search_list;;;;
Разработчик Python/Spark;ООО ГК Иннотех | Большие данные;https://hh.ru/employer/4649269?dpt=4649269-4649269-bigdata&hhtmFrom=vacancy_search_list;;;;
Senior Python Developer;Бюро 1440;https://hh.ru/employer/5266429?hhtmFrom=vacancy_search_list;;;;
Разработчик бэкенда на Python и Go в Вертикали;Яндекс;https://hh.ru/employer/1740?dpt=yandex-1740-yandex&hhtmFrom=vacancy_search_list;;;;
Senior Python разработчик;Сбер для экспертов;https://hh.ru/employer/3529?dpt=3529-3529-prof&hhtmFrom=vacancy_search_list;;;;
Python-разработчик (middle);Рунити;https://hh.ru/employer/567049?hhtmFrom=vacancy_search_list;;;;
Python developer (Middle);Rubytech;https://hh.ru/employer/4670572?hhtmFrom=vacancy_search_list;;;;
Middle Python Developer \ Разработчик Python;ООО Асеано Технологии;https://hh.ru/employer/9105146?hhtmFrom=vacancy_search_list;200000;250000;₽;на руки
Middle Python developer;АО РТСофт;https://hh.ru/employer/7452?hhtmFrom=vacancy_search_list;;;;
Senior QA automation (web, python) / Ведущий тестировщик ПО;АО Технология здоровья;https://hh.ru/employer/3330453?hhtmFrom=vacancy_search_list;250000;300000;₽;на руки
Junior Backend Developer (Python и SQL);e-Comet;https://hh.ru/employer/5557093?hhtmFrom=vacancy_search_list;50000;70000;₽;на руки
Python-разработчик (Инженер-программист)(01050-1);АО Моринформсистема-Агат, Концерн;https://hh.ru/employer/179533?hhtmFrom=vacancy_search_list;90000;0;₽;на руки
Senior Python Developer;ГК ВИЗАВИ Консалт;https://hh.ru/employer/1326?hhtmFrom=vacancy_search_list;;;;
Ведущий Python-разработчик;билайн: ИТ, Data, Digital;https://hh.ru/employer/4934?dpt=bil-4934-it&hhtmFrom=vacancy_search_list;;;;
Software Developer Python;ООО ВЕБ Инфраструктура;https://hh.ru/employer/4643769?hhtmFrom=vacancy_search_list;80000;250000;₽;на руки
Программист Python/C++;ФГУП ГПИ и НИИ ГА Аэропроект;https://hh.ru/employer/215219?hhtmFrom=vacancy_search_list;60000;80000;₽;на руки
Middle Product Manager в команду CRM;Циан;https://hh.ru/employer/1429999?hhtmFrom=vacancy_search_list;;;;
Разработчик ELMA;Coleman Group;https://hh.ru/employer/124?hhtmFrom=vacancy_search_list;;;;
Разработчик Python Developer Middle, Middle+ (робототехника);ООО Робопро;https://hh.ru/employer/9174671?hhtmFrom=vacancy_search_list;;;;
Тим Лид Backend Python/Django разработки;ЧУ ДО Московская школа программистов;https://hh.ru/employer/1358439?hhtmFrom=vacancy_search_list;;;;
Ведущий разработчик Python (Lead);NGENIX;https://hh.ru/employer/656166?hhtmFrom=vacancy_search_list;;;;
Python-разработчик в команду доменных сервисов;Рунити;https://hh.ru/employer/567049?hhtmFrom=vacancy_search_list;;;;
Backend Python developer (senior/middle+);modesco;https://hh.ru/employer/1185071?hhtmFrom=vacancy_search_list;150000;250000;₽;на руки
Senior Python Engineer в инфраструктуру поиска;Сбер для экспертов;https://hh.ru/employer/3529?dpt=3529-3529-prof&hhtmFrom=vacancy_search_list;;;;
Middle Full Stack developer (Python, JS);АО РТСофт;https://hh.ru/employer/7452?hhtmFrom=vacancy_search_list;;;;
Разработчик системы производственного планирования (Python);Ресурс, ГАП;https://hh.ru/employer/50545?hhtmFrom=vacancy_search_list;;;;
Python Developer;НТР;https://hh.ru/employer/747275?hhtmFrom=vacancy_search_list;;;;
Senior QAA Python в 2GIS.PRO;2ГИС;https://hh.ru/employer/64174?hhtmFrom=vacancy_search_list;;;;
Python backend-разработчик;ООО Компания Стрим Лабс;https://hh.ru/employer/484411?hhtmFrom=vacancy_search_list;;;;
Инженер по автоматизации тестирования (Python, Склад, Отдел тестирования);Ozon Информационные технологии;https://hh.ru/employer/2180?dpt=ozonru-2180-dev&hhtmFrom=vacancy_search_list;;;;
Backend-разработчик (Python) в финансовый блок.;билайн: ИТ, Data, Digital;https://hh.ru/employer/4934?dpt=bil-4934-it&hhtmFrom=vacancy_search_list;;;;
Разработчик Python (техлид);ООО ГК Иннотех | Финтех (Иннотех);https://hh.ru/employer/4649269?dpt=4649269-4649269-innoteh&hhtmFrom=vacancy_search_list;;;;
Middle QA Automation Engineer (Python);Сбер для экспертов;https://hh.ru/employer/3529?dpt=3529-3529-prof&hhtmFrom=vacancy_search_list;;;;
Full stack QA Engineer (Python);ScanFactory;https://hh.ru/employer/5580158?hhtmFrom=vacancy_search_list;200000;250000;₽;на руки
Разработчик Python full stack (middle);Delko;https://hh.ru/employer/1083758?hhtmFrom=vacancy_search_list;200000;0;₽;до вычета налогов
Middle Python Developer;ЗАО Группа компаний С7;https://hh.ru/employer/766468?hhtmFrom=vacancy_search_list;;;;
DevOps-инженер;ПАО «Промсвязьбанк», ИТ;https://hh.ru/employer/6591?dpt=6591-6591-it&hhtmFrom=vacancy_search_list;;;;
Администратор OpenSource;ПАО «Промсвязьбанк», ИТ;https://hh.ru/employer/6591?dpt=6591-6591-it&hhtmFrom=vacancy_search_list;;;;
Python Developer в команду сервисов данных Почты;VK, ВКонтакте;https://hh.ru/employer/15478?dpt=mailru-15478-vkontakt&hhtmFrom=vacancy_search_list;;;;
Python-разработчик системы логистических операций в Яндекс.Лавку;Яндекс;https://hh.ru/employer/1740?dpt=yandex-1740-yandex&hhtmFrom=vacancy_search_list;;;;
Менеджер по обработке данных (SPSS, R, Python);ORO;https://hh.ru/employer/7312?hhtmFrom=vacancy_search_list;;;;
Разработчик Python;HARTUNG;https://hh.ru/employer/553700?hhtmFrom=vacancy_search_list;;;;
Backend-тестировщик-программист (Python);ООО Ритм;https://hh.ru/employer/4576177?hhtmFrom=vacancy_search_list;;;;
Python разработчик;ООО Люди ПРО Групп;https://hh.ru/employer/9083873?hhtmFrom=vacancy_search_list;150000;0;₽;на руки
Senior Python developer (remote);Bright Pattern, Inc;https://hh.ru/employer/816284?hhtmFrom=vacancy_search_list;;;;
Специалист технической поддержки (python);SPTLab;https://hh.ru/employer/5188110?hhtmFrom=vacancy_search_list;100000;100000;₽;на руки
Программист C/C++, Python;АО Синтелс;https://hh.ru/employer/1060997?hhtmFrom=vacancy_search_list;;;;
Senior C++/Python developer;Бюро 1440;https://hh.ru/employer/5266429?hhtmFrom=vacancy_search_list;;;;
QA Automation (Python|Kotlin);ПАО МегаФон, IT;https://hh.ru/employer/3127?dpt=mgfn-3127-it&hhtmFrom=vacancy_search_list;;;;
Python-разработчик / ML-инженер;КРОК;https://hh.ru/employer/2987?hhtmFrom=vacancy_search_list;;;;
DevOps-инженер/Python разработчик;Сбер для экспертов;https://hh.ru/employer/3529?dpt=3529-3529-prof&hhtmFrom=vacancy_search_list;0;250000;₽;до вычета налогов
Python разработчик (DS Core);Домклик;https://hh.ru/employer/2136954?hhtmFrom=vacancy_search_list;;;;
Системный программист / разработчик Python;Carbon Soft;https://hh.ru/employer/1204987?hhtmFrom=vacancy_search_list;200000;350000;₽;на руки
Senior/Middle+ Python Developer;ООО ГК Иннотех | Интеграция Консалтинг;https://hh.ru/employer/4649269?dpt=4649269-4649269-intkons&hhtmFrom=vacancy_search_list;;;;
Программист/ Python developer (удаленно);IT-People.ru;https://hh.ru/employer/834446?hhtmFrom=vacancy_search_list;2200;3300;€;на руки
Python-разработчик (middle/ senior);ООО АФЛТ-Системс;https://hh.ru/employer/9450859?hhtmFrom=vacancy_search_list;;;;
Администратор PostgreSQL;ПАО «Промсвязьбанк», ИТ;https://hh.ru/employer/6591?dpt=6591-6591-it&hhtmFrom=vacancy_search_list;;;;
DevOps-инженер;ПАО «Промсвязьбанк», ИТ;https://hh.ru/employer/6591?dpt=6591-6591-it&hhtmFrom=vacancy_search_list;;;;
Старший разработчик Python (команда платформы экспериментов);Okko;https://hh.ru/employer/1375441?hhtmFrom=vacancy_search_list;;;;
Разработчик Python (Middle);ООО КВАНТ ПРОГРАММ;https://hh.ru/employer/3669999?hhtmFrom=vacancy_search_list;;;;
Ведущий разработчик Python (Team Lead);МФТИ;https://hh.ru/employer/1008541?hhtmFrom=vacancy_search_list;300000;400000;₽;на руки
Разработчик Odoo (Python);ООО МосТрансАренда;https://hh.ru/employer/2753595?hhtmFrom=vacancy_search_list;80000;150000;₽;до вычета налогов
Middle QA Automation Engineer (Python);ООО GlowByte;https://hh.ru/employer/64474?hhtmFrom=vacancy_search_list;;;;
Python Backend Developer;MediaNation;https://hh.ru/employer/584898?hhtmFrom=vacancy_search_list;;;;
Senior Backend Python Developer (Team Lead);Evvve;https://hh.ru/employer/5529775?hhtmFrom=vacancy_search_list;;;;
Middle backend Python;ООО РА Дельта;https://hh.ru/employer/4747821?hhtmFrom=vacancy_search_list;;;;
Бэкенд-разработчик (Middle Backend Developer, Python);Simetra;https://hh.ru/employer/928274?hhtmFrom=vacancy_search_list;;;;
Тимлид (лидер команды разработки, python, react);MindSet;https://hh.ru/employer/3666817?hhtmFrom=vacancy_search_list;;;;
QA automation engineer (Selenium + Python);ООО Ритм;https://hh.ru/employer/4576177?hhtmFrom=vacancy_search_list;;;;
Senior / Middle+ QA Automation (python) specialist;КИБЕР-РОМ;https://hh.ru/employer/5599143?hhtmFrom=vacancy_search_list;;;;
Senior Python разработчик (Эксперт в телефонии);VOXYS;https://hh.ru/employer/798923?hhtmFrom=vacancy_search_list;;;;
Python Backend Developer (Middle);ООО Вычислительные решения;https://hh.ru/employer/3757107?hhtmFrom=vacancy_search_list;;;;
Старший инженер программист Python;ГК «ХайТэк»;https://hh.ru/employer/2262181?hhtmFrom=vacancy_search_list;;;;
Python-разработчик систем сбора;ООО Селфсек;https://hh.ru/employer/4920624?hhtmFrom=vacancy_search_list;100000;150000;₽;на руки
Back-end разработчик middle+ (python, Django);Reshape Analytics;https://hh.ru/employer/4947835?hhtmFrom=vacancy_search_list;;;;
Middle Backend программист Python / Middle Python Backend Developer;Радиум;https://hh.ru/employer/3242593?hhtmFrom=vacancy_search_list;100000;200000;₽;до вычета налогов
Ведущий программист Python;АО НефтеТрансСервис. IT/Digital;https://hh.ru/employer/132654?dpt=132654-132654-it&hhtmFrom=vacancy_search_list;;;;
Python разработчик (удалённо);Группа компаний МЕДСИ;https://hh.ru/employer/106571?hhtmFrom=vacancy_search_list;200000;280000;₽;на руки
Senior Python Developer for Crypto Analytics and Blockchain + Social Webs Data Processing;CatHouse (Ворошилов Андрей);https://hh.ru/employer/6027292?hhtmFrom=vacancy_search_list;0;5000;$;до вычета налогов
Разработчик (Python, AI);ООО Major Terminal;https://hh.ru/employer/2644166?hhtmFrom=vacancy_search_list;130000;0;₽;на руки
Разработчик на Python;Национальный исследовательский университет Высшая школа экономики;https://hh.ru/employer/80981?hhtmFrom=vacancy_search_list;0;200000;₽;до вычета налогов
Python Team Lead;Hi, Rockits!;https://hh.ru/employer/1111058?hhtmFrom=vacancy_search_list;;;;
Fulltack разработчик С++/Qt/Python/Go (Middle);ООО КВАНТ ПРОГРАММ;https://hh.ru/employer/3669999?hhtmFrom=vacancy_search_list;;;;
Python-разработчик (Middle);SL Soft;https://hh.ru/employer/10610846?hhtmFrom=vacancy_search_list;;;;
Senior Python разработчик;Human Capital;https://hh.ru/employer/23596?hhtmFrom=vacancy_search_list;;;;
Python Tech Lead;ООО ГК Иннотех | Мультипродакт;https://hh.ru/employer/4649269?dpt=4649269-4649269-multipro&hhtmFrom=vacancy_search_list;;;;
Lead Python developer;Heaad;https://hh.ru/employer/5531122?hhtmFrom=vacancy_search_list;370000;740000;₽;на руки
Middle+ Python Developer;ООО Смартекс;https://hh.ru/employer/2416909?hhtmFrom=vacancy_search_list;250000;300000;₽;на руки
Python Developer;ООО ЦИФРА;https://hh.ru/employer/3191643?hhtmFrom=vacancy_search_list;0;300000;₽;на руки
Разработчик Python;Электронная торговая площадка Газпромбанка;https://hh.ru/employer/1111946?hhtmFrom=vacancy_search_list;;;;
Младший специалист отдела разработки (Python) / Специалист по парсингу данных;MillionAgents;https://hh.ru/employer/863273?hhtmFrom=vacancy_search_list;0;80000;₽;на руки
Python разработчик;ООО СалютДевайсы;https://hh.ru/employer/4659934?hhtmFrom=vacancy_search_list;;;;
Python Developer;Сбер для экспертов;https://hh.ru/employer/3529?dpt=3529-3529-prof&hhtmFrom=vacancy_search_list;;;;
Разработчик Python;Инрэко ЛАН;https://hh.ru/employer/113313?hhtmFrom=vacancy_search_list;;;;
Senior Backend Developer (Python);ООО Звук;https://hh.ru/employer/1829949?hhtmFrom=vacancy_search_list;;;;
Инженер QA (python);Сбер для экспертов;https://hh.ru/employer/3529?dpt=3529-3529-prof&hhtmFrom=vacancy_search_list;;;;
Data Engineer (Python);ООО Axenix (ранее Accenture);https://hh.ru/employer/4080?hhtmFrom=vacancy_search_list;;;;
Ведущий разработчик Python;ЗАО 1С;https://hh.ru/employer/882?hhtmFrom=vacancy_search_list;;;;
Python разработчик;Лига Цифровой Экономики;https://hh.ru/employer/2733062?hhtmFrom=vacancy_search_list;;;;
QA Engineer full stack (Python/Java);EGAR TECHNOLOGY, INC.;https://hh.ru/employer/4917?hhtmFrom=vacancy_search_list;;;;
Middle Python Developer;Study Step by Step;https://hh.ru/employer/9549892?hhtmFrom=vacancy_search_list;200000;250000;₽;на руки
Python разработчик;Ростелеком - Центры обработки данных;https://hh.ru/employer/852361?hhtmFrom=vacancy_search_list;;;;
Разработчик Python;ООО Дивергент;https://hh.ru/employer/8997092?hhtmFrom=vacancy_search_list;0;300000;₽;на руки
Team Lead Backend Python Developer(АТОМ.ПОИСК);АО Гринатом. Машинное обучение и искусственный интеллект;https://hh.ru/employer/665467?dpt=665467-665467-mashina&hhtmFrom=vacancy_search_list;;;;
Python developer;ООО Умскул;https://hh.ru/employer/4557535?hhtmFrom=vacancy_search_list;;;;
QA Automation (Python) [МТС Premium];ПАО «МТС», Digital;https://hh.ru/employer/3776?dpt=mts-3776-it&hhtmFrom=vacancy_search_list;;;;
Разработчик Python/Spark;ООО ГК Иннотех | Большие данные;https://hh.ru/employer/4649269?dpt=4649269-4649269-bigdata&hhtmFrom=vacancy_search_list;;;;
Python backend developer;KD-systems;https://hh.ru/employer/4926973?hhtmFrom=vacancy_search_list;;;;
Middle Python Developer;АО Гринатом. Центр Разработки.;https://hh.ru/employer/665467?dpt=665467-665467-cntraz&hhtmFrom=vacancy_search_list;;;;
Ведущий разработчик Python;ООО ДиСиЛоджик;https://hh.ru/employer/2477476?hhtmFrom=vacancy_search_list;250000;0;₽;на руки
Python Backend developer / Python разработчик (Middle+);ООО ГК Иннотех | Интеграция Консалтинг;https://hh.ru/employer/4649269?dpt=4649269-4649269-intkons&hhtmFrom=vacancy_search_list;;;;
Middle+/Senior Python developer;ИП Хорьков Эдуард Вячеславович;https://hh.ru/employer/2655433?hhtmFrom=vacancy_search_list;240000;260000;₽;на руки
Аналитик данных (SQL, Python);Правительство Москвы;https://hh.ru/employer/895945?hhtmFrom=vacancy_search_list;;;;
Team Lead backend (Python Django);Валта;https://hh.ru/employer/83214?hhtmFrom=vacancy_search_list;250000;380000;₽;до вычета налогов
Python-разработчик (senior+ / lead);Синимекс;https://hh.ru/employer/6944?hhtmFrom=vacancy_search_list;;;;
Python Backend developer;ООО Октопустех;https://hh.ru/employer/10603468?hhtmFrom=vacancy_search_list;0;195000;₽;на руки
Chapter Backend Python Lead;SberAutoTech;https://hh.ru/employer/5267014?hhtmFrom=vacancy_search_list;;;;
Middle/Senior Python-разработчик;ООО Интермобилити;https://hh.ru/employer/3698337?hhtmFrom=vacancy_search_list;;;;
Backend Python разработчик в Рег.облако;Рунити;https://hh.ru/employer/567049?hhtmFrom=vacancy_search_list;;;;
Разработчик на С++ и Python в Справочник;Яндекс;https://hh.ru/employer/1740?dpt=yandex-1740-yandex&hhtmFrom=vacancy_search_list;;;;
QA Automation Engineer (Python);Сбер для экспертов;https://hh.ru/employer/3529?dpt=3529-3529-prof&hhtmFrom=vacancy_search_list;;;;
Инженер по автоматизации тестирования (Python, back-end), Ozon Fintech;Ozon Fintech;https://hh.ru/employer/2180?dpt=ozonru-2180-fintech&hhtmFrom=vacancy_search_list;;;;
TeamLead (Python, C/C++);EdgeЦентр;https://hh.ru/employer/6113620?hhtmFrom=vacancy_search_list;;;;
TeamLead Python;AGIMA;https://hh.ru/employer/238354?hhtmFrom=vacancy_search_list;;;;
Senior Python/Go-разработчик;ПАО «МТС», Digital;https://hh.ru/employer/3776?dpt=mts-3776-it&hhtmFrom=vacancy_search_list;;;;
Senior Python developer (IP);Positive Technologies;https://hh.ru/employer/26624?hhtmFrom=vacancy_search_list;;;;
Python Lead developer (IP);Positive Technologies;https://hh.ru/employer/26624?hhtmFrom=vacancy_search_list;;;;
Ведущий инженер-программист Python (MIDDLE);ООО Парус электро;https://hh.ru/employer/2730053?hhtmFrom=vacancy_search_list;150000;200000;₽;до вычета налогов
Дата-аналитик (Python) в команде развития CVM;ПАО ВТБ, Средний и малый бизнес;https://hh.ru/employer/4181?dpt=vtb-4181-smbiz&hhtmFrom=vacancy_search_list;;;;
Senior / techlead Python (Залоговая экспертиза);Сбер для экспертов;https://hh.ru/employer/3529?dpt=3529-3529-prof&hhtmFrom=vacancy_search_list;;;;
Разработчик Python;Институт Географических Информационных Технологий;https://hh.ru/employer/848395?hhtmFrom=vacancy_search_list;200000;0;₽;на руки
Разработчик на Python в команду HD-Maps;SberAutoTech;https://hh.ru/employer/5267014?hhtmFrom=vacancy_search_list;;;;
Python Developer;ООО БиАйЭй-Технолоджиз;https://hh.ru/employer/2565797?hhtmFrom=vacancy_search_list;;;;
Специалист по автоматизации тестирования Python, Маркетплейс, WebCRM;Ozon Информационные технологии;https://hh.ru/employer/2180?dpt=ozonru-2180-dev&hhtmFrom=vacancy_search_list;;;;
Middle Backend разработчик (Python, Django) / Автоматизация и аналитика корпоративного бизнеса;АО Банк ДОМ.РФ;https://hh.ru/employer/3443?hhtmFrom=vacancy_search_list;200000;0;₽;на руки
Senior Python Backend Developer (MTS AI);ПАО «МТС» ;https://hh.ru/employer/3776?dpt=mts-3776-main&hhtmFrom=vacancy_search_list;;;;
Full-stack Senior Python-developer;ИП Иванова Варвара Васильевна;https://hh.ru/employer/5731610?hhtmFrom=vacancy_search_list;0;300000;₽;на руки
Python Developer (SDET);Positive Technologies;https://hh.ru/employer/26624?hhtmFrom=vacancy_search_list;;;;
Frontend / Full-stack Developer в Мету (Vue, Python);Профи (profi.ru);https://hh.ru/employer/83639?hhtmFrom=vacancy_search_list;150000;0;₽;на руки
Программист Python;МФТИ;https://hh.ru/employer/1008541?hhtmFrom=vacancy_search_list;120000;300000;₽;на руки
Senior Python developer;Spice Agency;https://hh.ru/employer/654435?hhtmFrom=vacancy_search_list;;;;
Специалист по Machine Learning / Data Science (python);ФГУП НИИ Квант;https://hh.ru/employer/566866?hhtmFrom=vacancy_search_list;80000;0;₽;до вычета налогов
Разработчик на Python в Yandex Pay;Яндекс;https://hh.ru/employer/1740?dpt=yandex-1740-yandex&hhtmFrom=vacancy_search_list;;;;
.NET/python developer;ООО Таргет;https://hh.ru/employer/3471971?hhtmFrom=vacancy_search_list;;;;
Python Team Lead / Руководитель backend разработки;GRI;https://hh.ru/employer/5674419?hhtmFrom=vacancy_search_list;;;;
Python Developer;АТОМ;https://hh.ru/employer/5912977?hhtmFrom=vacancy_search_list;;;;
Python developer (remote);ООО Анлимитед Продакшен;https://hh.ru/employer/3087089?hhtmFrom=vacancy_search_list;;;;
Middle Python Developer;ООО Медиа-тел;https://hh.ru/employer/2117997?hhtmFrom=vacancy_search_list;200000;240000;₽;на руки
Senior Python developer (SOC);BI.ZONE Направление Разработка;https://hh.ru/employer/2367681?dpt=2367681-2367681-dev&hhtmFrom=vacancy_search_list;;;;
Тестировщик (Python);IBS;https://hh.ru/employer/139?hhtmFrom=vacancy_search_list;;;;
Python разработчик;ИП Гальченко Тимофей Валерьевич;https://hh.ru/employer/8645270?hhtmFrom=vacancy_search_list;60000;110000;₽;на руки
Backend-разработчик на Python (Ultimate Education);Ultimate Capital;https://hh.ru/employer/5180652?hhtmFrom=vacancy_search_list;;;;
Middle \ Senior разработчик Python Backend;Ostec;https://hh.ru/employer/8045?hhtmFrom=vacancy_search_list;;;;
Python-разработчик;Bell Integrator;https://hh.ru/employer/6189?hhtmFrom=vacancy_search_list;;;;
Разработчик Python;BrainShells;https://hh.ru/employer/5561311?hhtmFrom=vacancy_search_list;4000;5000;$;на руки
Python-разработчик;Тинькофф;https://hh.ru/employer/78638?hhtmFrom=vacancy_search_list;;;;
Программист-разработчик Python;ООО ГК Иннотех | Финтех (Иннотех);https://hh.ru/employer/4649269?dpt=4649269-4649269-innoteh&hhtmFrom=vacancy_search_list;;;;
Lead Python Developer;ООО СмартЭкоСистема;https://hh.ru/employer/4334437?hhtmFrom=vacancy_search_list;300000;400000;₽;до вычета налогов
Стажер-разработчик Python;START;https://hh.ru/employer/2695526?hhtmFrom=vacancy_search_list;;;;
Python developer;Бюро 1440;https://hh.ru/employer/5266429?hhtmFrom=vacancy_search_list;;;;
Senior Python Developer;ООО Клауд Солюшенс;https://hh.ru/employer/5807475?hhtmFrom=vacancy_search_list;;;;
Python разработчик;ООО БизнесМатика;https://hh.ru/employer/4281077?hhtmFrom=vacancy_search_list;280000;500000;₽;до вычета налогов
Специалист по автоматизации тестирования (Python, Логистика, Претензионная работа);Ozon Информационные технологии;https://hh.ru/employer/2180?dpt=ozonru-2180-dev&hhtmFrom=vacancy_search_list;;;;
QA Auto Ruby/Python;Selecty;https://hh.ru/employer/2406247?hhtmFrom=vacancy_search_list;;;;
Python Developer;FunFlow (ООО Мобильные Игровые Решения);https://hh.ru/employer/9674611?hhtmFrom=vacancy_search_list;;;;
Разработчик Python;Bell Integrator;https://hh.ru/employer/6189?hhtmFrom=vacancy_search_list;;;;
Стажер-программист Python;ООО Патрес;https://hh.ru/employer/10909561?hhtmFrom=vacancy_search_list;;;;
Middle QA Automation (Python) [SKAI];ПАО «МТС», Digital;https://hh.ru/employer/3776?dpt=mts-3776-it&hhtmFrom=vacancy_search_list;;;;
Старший специалист по автоматизации тестирования Python, Логистика, Платформенная интеграция;Ozon Информационные технологии;https://hh.ru/employer/2180?dpt=ozonru-2180-dev&hhtmFrom=vacancy_search_list;;;;
Разработчик на Python;ЛУКОЙЛ;https://hh.ru/employer/907345?hhtmFrom=vacancy_search_list;;;;
Программист-разработчик Python;ООО Гео Техно Сот;https://hh.ru/employer/4304968?hhtmFrom=vacancy_search_list;;;;
Руководитель разработки Python;Группа компаний Астра;https://hh.ru/employer/5060211?hhtmFrom=vacancy_search_list;;;;
Middle+ разработчик Python;Сфера;https://hh.ru/employer/12504?hhtmFrom=vacancy_search_list;250000;0;₽;на руки
Python Developer;TeamIdea (ООО ТИМИДЕЯ ГРУПП);https://hh.ru/employer/567928?hhtmFrom=vacancy_search_list;;;;
Python-разработчик;АО РАСЧЕТНЫЕ РЕШЕНИЯ;https://hh.ru/employer/699283?hhtmFrom=vacancy_search_list;;;;
Software Engineer Python;The Skolkovo Institute of Science and Technology;https://hh.ru/employer/976931?hhtmFrom=vacancy_search_list;;;;
Python разработчик middle+ Senior;Staffwell;https://hh.ru/employer/710?hhtmFrom=vacancy_search_list;250000;410000;₽;до вычета налогов
Automation QA Engineer (Python);Staffwell;https://hh.ru/employer/710?hhtmFrom=vacancy_search_list;;;;
Middle Python разработчик в команду AI;DSSL;https://hh.ru/employer/2888?hhtmFrom=vacancy_search_list;;;;
Python-разработчик;Сбер для экспертов;https://hh.ru/employer/3529?dpt=3529-3529-prof&hhtmFrom=vacancy_search_list;;;;
Аналитик Python;Кадровый Центр Департамента здравоохранения города Москвы;https://hh.ru/employer/2263448?hhtmFrom=vacancy_search_list;;;;
Backed Engineer (Python);AURAi;https://hh.ru/employer/5480980?hhtmFrom=vacancy_search_list;180000;230000;₽;на руки
Senior Python Developer (Django, ecom);GRI;https://hh.ru/employer/5674419?hhtmFrom=vacancy_search_list;;;;
Инженер по автоматизации тестирования (Python);Ozon Информационные технологии;https://hh.ru/employer/2180?dpt=ozonru-2180-dev&hhtmFrom=vacancy_search_list;;;;
Backend Developer (Python/FAST API);MoneyCat;https://hh.ru/employer/10044600?hhtmFrom=vacancy_search_list;;;;
Python-программист в VK Play Store;VK;https://hh.ru/employer/15478?dpt=mailru-15478-other&hhtmFrom=vacancy_search_list;;;;
Разработчик-аналитик Python Oracle;HR GROW;https://hh.ru/employer/9991294?hhtmFrom=vacancy_search_list;0;250000;₽;на руки
Разработчик Python;ВСК, САО;https://hh.ru/employer/1439?hhtmFrom=vacancy_search_list;;;;
Python-разработчик;Сбер. IT;https://hh.ru/employer/3529?dpt=3529-3529-it&hhtmFrom=vacancy_search_list;;;;
Python-разработчик;Сбер для экспертов;https://hh.ru/employer/3529?dpt=3529-3529-prof&hhtmFrom=vacancy_search_list;;;;
Senior Python developer [Appbazar];ПАО «МТС», Digital;https://hh.ru/employer/3776?dpt=mts-3776-it&hhtmFrom=vacancy_search_list;;;;
Back-end разработчик (Python);Сбер для экспертов;https://hh.ru/employer/3529?dpt=3529-3529-prof&hhtmFrom=vacancy_search_list;;;;
Python developer / DocOps engineer;YADRO;https://hh.ru/employer/1993194?hhtmFrom=vacancy_search_list;;;;
Senior python developer/старший python-разработчик;ООО HeadHunter::Backend;https://hh.ru/employer/1455?dpt=hh-1455-Backend&hhtmFrom=vacancy_search_list;;;;
Python-разработчик (Senior);Programming Store;https://hh.ru/employer/1721871?hhtmFrom=vacancy_search_list;;;;
Python backend-разработчик в команду CityLens;2ГИС;https://hh.ru/employer/64174?hhtmFrom=vacancy_search_list;;;;
Python разработчик Middle+/Senior (удаленно);ООО Soft Jet;https://hh.ru/employer/1613682?hhtmFrom=vacancy_search_list;210000;290000;₽;на руки
C++/Python developer;АО Русатом Сервис;https://hh.ru/employer/1775793?hhtmFrom=vacancy_search_list;;;;
Разработчик Java (Android) + Python senior;Первый Бит;https://hh.ru/employer/3177?hhtmFrom=vacancy_search_list;0;500000;₽;на руки
Python Developer;kt.team;https://hh.ru/employer/1714677?hhtmFrom=vacancy_search_list;180000;240000;₽;на руки
QA-инженер (auto, Python, API);Spice Agency;https://hh.ru/employer/654435?hhtmFrom=vacancy_search_list;;;;
Team Lead Python;ООО АВ Софт;https://hh.ru/employer/2355830?hhtmFrom=vacancy_search_list;350000;0;₽;на руки
Python Developer (KATA);Лаборатория Касперского;https://hh.ru/employer/1057?hhtmFrom=vacancy_search_list;;;;
Senior Python разработчик;USETECH;https://hh.ru/employer/681672?hhtmFrom=vacancy_search_list;;;;
Python разработчик в команду облака;КРОК;https://hh.ru/employer/2987?hhtmFrom=vacancy_search_list;;;;
Senior Python разработчик;ООО СберОбразование;https://hh.ru/employer/5332874?hhtmFrom=vacancy_search_list;;;;
Главный разработчик Python (Django);ООО Ростелеком Информационные Технологии;https://hh.ru/employer/3144945?hhtmFrom=vacancy_search_list;;;;
Python Developer (Симуляторы);ООО Эвокарго;https://hh.ru/employer/4751605?hhtmFrom=vacancy_search_list;;;;
Senior Data Engineer (Python);Samokat.tech;https://hh.ru/employer/5488399?hhtmFrom=vacancy_search_list;;;;
Teamlead Python;Positive Technologies;https://hh.ru/employer/26624?hhtmFrom=vacancy_search_list;;;;
ТехЛид / Tech Lead (Python, Django);ООО ФК ПУЛЬС;https://hh.ru/employer/58031?hhtmFrom=vacancy_search_list;;;;
Python/C++ Developer;ООО Эвокарго;https://hh.ru/employer/4751605?hhtmFrom=vacancy_search_list;;;;
Python Backend Developer;ООО Эвокарго;https://hh.ru/employer/4751605?hhtmFrom=vacancy_search_list;;;;
Python-разработчик;Watt;https://hh.ru/employer/3912330?hhtmFrom=vacancy_search_list;180000;250000;₽;на руки
Senior Python developer;BI.ZONE Направление Разработка;https://hh.ru/employer/2367681?dpt=2367681-2367681-dev&hhtmFrom=vacancy_search_list;;;;
Senior QA Automation Python [Bronevik];ПАО «МТС», Digital;https://hh.ru/employer/3776?dpt=mts-3776-it&hhtmFrom=vacancy_search_list;;;;
Python-разработчик Sber AI на проект Kandinsky;Сбер для экспертов;https://hh.ru/employer/3529?dpt=3529-3529-prof&hhtmFrom=vacancy_search_list;;;;
Middle/Senior Python Developer;ООО ГК Иннотех | Большие данные;https://hh.ru/employer/4649269?dpt=4649269-4649269-bigdata&hhtmFrom=vacancy_search_list;;;;
QA Automation (Python) Engineer / Тестировщик;HR Prime;https://hh.ru/employer/4759060?hhtmFrom=vacancy_search_list;310000;420000;₽;до вычета налогов
Middle+ Python developer (ГосТех);Разработка;https://hh.ru/employer/3853446?dpt=3853446-3853446-dev&hhtmFrom=vacancy_search_list;;;;
Fullstack (Python / JS) Developer;ProfiStaff;https://hh.ru/employer/25022?hhtmFrom=vacancy_search_list;250000;0;₽;до вычета налогов
Разработчик Python (Северсталь Диджитал);Северсталь. IT & Digital;https://hh.ru/employer/6041?dpt=severstal-6041-it&hhtmFrom=vacancy_search_list;;;;
QA Engineer (automation);АО РАСЧЕТНЫЕ РЕШЕНИЯ;https://hh.ru/employer/699283?hhtmFrom=vacancy_search_list;;;;
Руководитель группы тестирования (QA Lead Python / fullstack);Positive Technologies;https://hh.ru/employer/26624?hhtmFrom=vacancy_search_list;;;;
Разработчик (Python) систем целевого маркетинга;Tele2;https://hh.ru/employer/4219?hhtmFrom=vacancy_search_list;;;;
"Преподаватель ""Программирование на языке Python""";ГБОУ ДПО Центр Профессионал;https://hh.ru/employer/2198536?hhtmFrom=vacancy_search_list;;;;
Middle / Senior Python Developer (удаленно);RedLab;https://hh.ru/employer/4614421?hhtmFrom=vacancy_search_list;;;;
Программист – разработчик Python / нейронные сети;Мера;https://hh.ru/employer/1543992?hhtmFrom=vacancy_search_list;;;;
Python Developer в VK Рекламу;VK, Рекламные технологии;https://hh.ru/employer/15478?dpt=mailru-15478-rekteh&hhtmFrom=vacancy_search_list;;;;
Middle+/Senior Python разработчик;ООО ГК Иннотех | Финтех (Иннотех);https://hh.ru/employer/4649269?dpt=4649269-4649269-innoteh&hhtmFrom=vacancy_search_list;;;;
Senior Python Backend Engineer;Zentist;https://hh.ru/employer/9833938?hhtmFrom=vacancy_search_list;3000;5500;$;на руки
Инженер по автотестированию (Python);IBS;https://hh.ru/employer/139?hhtmFrom=vacancy_search_list;;;;
Middle+/Senior Python-разработчик;Контур;https://hh.ru/employer/41862?hhtmFrom=vacancy_search_list;;;;
Аналитик-разработчик (SQL, Python);Компания «СПОРТМАСТЕР», Sportmaster Lab;https://hh.ru/employer/2343?dpt=2343-2343-it&hhtmFrom=vacancy_search_list;;;;
Python – разработчик (Middle+);KTS;https://hh.ru/employer/3202190?hhtmFrom=vacancy_search_list;0;260000;₽;на руки
Backend Python-разработчик;СБЕРКОРУС;https://hh.ru/employer/946607?hhtmFrom=vacancy_search_list;;;;
Remote Python Developer;Суровый байт;https://hh.ru/employer/9280258?hhtmFrom=vacancy_search_list;;;;
Python Developer (KATA);Лаборатория Касперского;https://hh.ru/employer/1057?hhtmFrom=vacancy_search_list;;;;
Senior Python Developer;X5 GROUP, Центральный офис;https://hh.ru/employer/4233?dpt=retail-4233-cent&hhtmFrom=vacancy_search_list;;;;
Ведущий Python разработчик/Senior Python Developer (Продукт: ПАК);Группа компаний Астра;https://hh.ru/employer/5060211?hhtmFrom=vacancy_search_list;;;;
Senior Python developer;АО АСТ;https://hh.ru/employer/24947?hhtmFrom=vacancy_search_list;0;300000;₽;на руки
Senior Python Developer;Xello;https://hh.ru/employer/4712081?hhtmFrom=vacancy_search_list;250000;0;₽;до вычета налогов
Senior-разработчик Python;Сбер для экспертов;https://hh.ru/employer/3529?dpt=3529-3529-prof&hhtmFrom=vacancy_search_list;;;;
Инженер по автоматизации тестирования на Python (B2B);Ozon Fintech;https://hh.ru/employer/2180?dpt=ozonru-2180-fintech&hhtmFrom=vacancy_search_list;;;;
Senior Python Developer in Test / Инженер-программист (KORNFELD);YADRO;https://hh.ru/employer/1993194?hhtmFrom=vacancy_search_list;;;;
Python-разработчик Middle+/Senior (удаленно);ООО Сджей Глобал;https://hh.ru/employer/10851927?hhtmFrom=vacancy_search_list;210000;300000;₽;на руки
Python Tech Lead в команду разработки Выделенных серверов и оборудования;Selectel;https://hh.ru/employer/633069?hhtmFrom=vacancy_search_list;;;;
QA Automation (python, pytest) AdTech specialist;Hyper AdTech;https://hh.ru/employer/4855149?hhtmFrom=vacancy_search_list;;;;
Старший разработчик Python (СУБД);Группа компаний Астра;https://hh.ru/employer/5060211?hhtmFrom=vacancy_search_list;;;;
Middle/Senior Python Backend Engineer;Сбер. IT;https://hh.ru/employer/3529?dpt=3529-3529-it&hhtmFrom=vacancy_search_list;;;;
Senior QA Automation engineer (Python);ООО Аренадата Софтвер;https://hh.ru/employer/4813742?hhtmFrom=vacancy_search_list;;;;
Ведущий разработчик отдела интеграции (python);Группа компаний Астра;https://hh.ru/employer/5060211?hhtmFrom=vacancy_search_list;;;;
Разработчик Python Senior ( развитие инструментов визуализации);РУСАЛ, Центр подбора персонала;https://hh.ru/employer/4029257?hhtmFrom=vacancy_search_list;;;;
Python ML-разработчик (искусственный интеллект);АО НИИМА «Прогресс»;https://hh.ru/employer/4406887?dpt=4406887-4406887-niimapr&hhtmFrom=vacancy_search_list;180000;0;₽;до вычета налогов
Python developer (RPA);ПАО «Промсвязьбанк», ИТ;https://hh.ru/employer/6591?dpt=6591-6591-it&hhtmFrom=vacancy_search_list;;;;
QA Lead (Python);Staffwell;https://hh.ru/employer/710?hhtmFrom=vacancy_search_list;0;350000;₽;до вычета налогов
Python-разработчик (senior/lead);KTS;https://hh.ru/employer/3202190?hhtmFrom=vacancy_search_list;0;340000;₽;на руки
Middle/Senior python developer;АО К-ТЕХНОЛОГИИ;https://hh.ru/employer/103944?hhtmFrom=vacancy_search_list;;;;
Team Lead Python Developer;X5 GROUP, Центральный офис;https://hh.ru/employer/4233?dpt=retail-4233-cent&hhtmFrom=vacancy_search_list;;;;
Python Developer в группу диалогового движка Маруси;VK;https://hh.ru/employer/15478?dpt=mailru-15478-other&hhtmFrom=vacancy_search_list;;;;
Главный риск - аналитик (Python);АО Ингосстрах Банк;https://hh.ru/employer/3757?hhtmFrom=vacancy_search_list;;;;
Руководитель отдела разработки (Full-Stack Team Lead);ИП Нагорная Ирина Олеговна;https://hh.ru/employer/9047579?hhtmFrom=vacancy_search_list;200000;300000;₽;на руки
Data Analyst (Аналитик данных);ООО Космос Про Медиа;https://hh.ru/employer/5788049?hhtmFrom=vacancy_search_list;;;;
Разработчик на Python в финансовую платформу;Яндекс;https://hh.ru/employer/1740?dpt=yandex-1740-yandex&hhtmFrom=vacancy_search_list;;;;
Python разработчик/ИТ-лидер команды Развитие технологий для продаж и обслуживания КЦ;ООО ГК Иннотех | Финтех (Иннотех);https://hh.ru/employer/4649269?dpt=4649269-4649269-innoteh&hhtmFrom=vacancy_search_list;;;;
Fullstack python developer (ESC);Positive Technologies;https://hh.ru/employer/26624?hhtmFrom=vacancy_search_list;;;;
Data Engineer;Лига Цифровой Экономики;https://hh.ru/employer/2733062?hhtmFrom=vacancy_search_list;;;;
Разработчик С#/C++,Python;Antal Talent;https://hh.ru/employer/2009?hhtmFrom=vacancy_search_list;;;;
Senior analyst;ООО Медиапоинт;https://hh.ru/employer/4482374?hhtmFrom=vacancy_search_list;;;;
Data engineer (Python Hadoop Spark);X5 Tech;https://hh.ru/employer/9352463?hhtmFrom=vacancy_search_list;;;;
Ведущий Python Backend разработчик;ООО Пиклема;https://hh.ru/employer/4323102?hhtmFrom=vacancy_search_list;;;;
Senior/ Middle Python Developer (ML);Samokat.tech;https://hh.ru/employer/5488399?hhtmFrom=vacancy_search_list;;;;
Дежурный инженер DevOps;ООО Автомакон;https://hh.ru/employer/839098?hhtmFrom=vacancy_search_list;163000;209000;₽;до вычета налогов
Lead / Senior Data Engineer (Python);АТОМ;https://hh.ru/employer/5912977?hhtmFrom=vacancy_search_list;;;;
Data-scientist junior level;ООО АНДАТА;https://hh.ru/employer/4141321?hhtmFrom=vacancy_search_list;;;;
Аналитик данных / Data Scientist;RedCat;https://hh.ru/employer/9053907?hhtmFrom=vacancy_search_list;;;;
Преподаватель курса по обучению с нейросетями на Python;ООО Айтигенио;https://hh.ru/employer/3060194?hhtmFrom=vacancy_search_list;300;1000;$;на руки
QA Automation Engineer (Python) [DSP];ПАО «МТС», Digital;https://hh.ru/employer/3776?dpt=mts-3776-it&hhtmFrom=vacancy_search_list;;;;
Ведущий инженер по нагрузочному тестированию ПО;Правительство Москвы;https://hh.ru/employer/895945?hhtmFrom=vacancy_search_list;;;;
Фуллстек-разработчик / Fullstack middle developer;CATAPULTO.RU;https://hh.ru/employer/1776381?hhtmFrom=vacancy_search_list;150000;200000;₽;на руки
Python разработчик в группу инфраструктуры продаж;Яндекс;https://hh.ru/employer/1740?dpt=yandex-1740-yandex&hhtmFrom=vacancy_search_list;;;;
Стажер инженер по автоматизации тестирования Python, Рантайм поиска и индексация;Ozon Информационные технологии;https://hh.ru/employer/2180?dpt=ozonru-2180-dev&hhtmFrom=vacancy_search_list;;;;
Инженер по автоматизации тестирования (Python);Бюро 1440;https://hh.ru/employer/5266429?hhtmFrom=vacancy_search_list;;;;
Старший инженер по автоматизации тестирования Python, Финансы и организационная модель;Ozon Информационные технологии;https://hh.ru/employer/2180?dpt=ozonru-2180-dev&hhtmFrom=vacancy_search_list;;;;
Python Fullstack разработчик в группу взыскания задолженности;Райффайзен Банк;https://hh.ru/employer/4023?hhtmFrom=vacancy_search_list;;;;
Python System Software Developer, Senior (RuBackup);Группа компаний Астра;https://hh.ru/employer/5060211?hhtmFrom=vacancy_search_list;;;;
Senior Software Engineer in Test -SDET (JS/TS/Python);Аурига;https://hh.ru/employer/738?hhtmFrom=vacancy_search_list;;;;
QA automation engineer (Python) / Инженер по автоматизированному тестированию (Release engineering);YADRO;https://hh.ru/employer/1993194?hhtmFrom=vacancy_search_list;;;;
Инженер службы технической поддержки в отдел установки ПО;ИнтерТраст;https://hh.ru/employer/320?hhtmFrom=vacancy_search_list;60000;80000;₽;на руки
Владелец аналитической платформы / Data Vault Owner;Правительство Москвы;https://hh.ru/employer/895945?hhtmFrom=vacancy_search_list;;;;
Senior MLE/DS в команду рекомендаций;ООО Автомакон;https://hh.ru/employer/839098?hhtmFrom=vacancy_search_list;300000;500000;₽;до вычета налогов
Преподаватель программирования для детей (удаленно);Skyeng;https://hh.ru/employer/1122462?hhtmFrom=vacancy_search_list;0;100000;₽;на руки
ТИМ-мастер (BIM-мастер);ООО Мост;https://hh.ru/employer/4373266?hhtmFrom=vacancy_search_list;117000;0;₽;на руки
Senior backend developer (PHP/Node.js/Python);Spans Agency;https://hh.ru/employer/5069252?hhtmFrom=vacancy_search_list;120000;0;₽;на руки
Senior Python developer на проект InfraCloud;Сбер. IT;https://hh.ru/employer/3529?dpt=3529-3529-it&hhtmFrom=vacancy_search_list;380000;0;₽;до вычета налогов
Риггер-программист;ООО СТУДИЯ ПАРОВОЗ;https://hh.ru/employer/1757202?hhtmFrom=vacancy_search_list;;;;
Middle+ Python developer на продукт Golden Record (Big Data);ПАО «МТС», Digital;https://hh.ru/employer/3776?dpt=mts-3776-it&hhtmFrom=vacancy_search_list;;;;
ML Engineer (Data Scientist), Маркетплейс, Цены и анализ конкурентов;Ozon Информационные технологии;https://hh.ru/employer/2180?dpt=ozonru-2180-dev&hhtmFrom=vacancy_search_list;;;;
Antifraud analyst;Finstar Financial Group;https://hh.ru/employer/180028?hhtmFrom=vacancy_search_list;2000;3000;$;на руки
Преподаватель онлайн-курсов Python для детей (индивидуальные и групповые занятия);Алгоритмика;https://hh.ru/employer/2657797?hhtmFrom=vacancy_search_list;;;;
Эксперт по промо автозаказа (Разработчик SQL);Пятёрочка. Офисные сотрудники;https://hh.ru/employer/1942330?dpt=1942330-1942330-ofis&hhtmFrom=vacancy_search_list;;;;
Backend разработчик;ООО Автомакон;https://hh.ru/employer/839098?hhtmFrom=vacancy_search_list;80000;110000;₽;на руки
ML Engineer;АО ТЕКОН-Инжиниринг;https://hh.ru/employer/32047?hhtmFrom=vacancy_search_list;;;;
Специалист по планированию спроса/Demand planner;MacCoffee;https://hh.ru/employer/4475?hhtmFrom=vacancy_search_list;;;;
Ведущий аналитик данных;Ozon fresh;https://hh.ru/employer/2180?dpt=ozonru-2180-express&hhtmFrom=vacancy_search_list;;;;
Auto QA engineer (Автоматизатор тестирования на Python, middle/senior);ООО ЦИФРА;https://hh.ru/employer/3191643?hhtmFrom=vacancy_search_list;;;;
QA automation (Python) / Инженер по автоматизированному тестированию (Data Services);YADRO;https://hh.ru/employer/1993194?hhtmFrom=vacancy_search_list;;;;
Веб-разработка и управление IT;The Sortage;https://hh.ru/employer/5401219?hhtmFrom=vacancy_search_list;180000;0;₽;на руки
Инженер по автоматизации тестирования телекомоборудования;ООО Т8;https://hh.ru/employer/575393?hhtmFrom=vacancy_search_list;;;;
SRE Engineer;WILDBERRIES;https://hh.ru/employer/87021?hhtmFrom=vacancy_search_list;;;;
Инженер-разработчик платформенных решений;WILDBERRIES;https://hh.ru/employer/87021?hhtmFrom=vacancy_search_list;;;;
Специалист по поддержке и разработке RPA решений;Ventra IT Solutions;https://hh.ru/employer/9697721?hhtmFrom=vacancy_search_list;;;;
Эксперт направления сопровождения автоматизированных систем;АО РАСЧЕТНЫЕ РЕШЕНИЯ;https://hh.ru/employer/699283?hhtmFrom=vacancy_search_list;;;;
DevOps инженер;iiko, Компания Aйко;https://hh.ru/employer/76650?hhtmFrom=vacancy_search_list;0;350000;₽;на руки
Middle / Senior QA Automation Engineer (NGFW);Солар;https://hh.ru/employer/1793216?hhtmFrom=vacancy_search_list;;;;
Senior Python developer (Django/Flask) работа в офисе;Hyper AdTech;https://hh.ru/employer/4855149?hhtmFrom=vacancy_search_list;300000;0;₽;на руки
Педагог программирования для детей;Курсы подготовки ОГЭ/ЕГЭ (ИП Сибирякова Марина Георгиевна);https://hh.ru/employer/9196011?hhtmFrom=vacancy_search_list;40000;70000;₽;на руки
Аналитик / Аналитик BI;ООО Медиапоинт;https://hh.ru/employer/4482374?hhtmFrom=vacancy_search_list;;;;
DevOps engineer;Hyperus;https://hh.ru/employer/10399986?hhtmFrom=vacancy_search_list;;;;
Разработчик ETL;ПАО Ростелеком;https://hh.ru/employer/2748?hhtmFrom=vacancy_search_list;;;;
Data Quality Engineer (Инженер по качеству данных);Московский Кредитный Банк. ИТ-специалисты;https://hh.ru/employer/2492?dpt=2492-2492-14884&hhtmFrom=vacancy_search_list;;;;
Главный специалист Стресс-тестирование Интеграционные риски (BI-разработчик);АО Банк ДОМ.РФ;https://hh.ru/employer/3443?hhtmFrom=vacancy_search_list;;;;
DevOps-инженер (Bundle Developer);ООО Аренадата Софтвер;https://hh.ru/employer/4813742?hhtmFrom=vacancy_search_list;;;;
Системный программист Linux;ИнСАТ;https://hh.ru/employer/203728?hhtmFrom=vacancy_search_list;;;;
С++ Developer (Cloud);DSSL;https://hh.ru/employer/2888?hhtmFrom=vacancy_search_list;;;;
Инженер-разработчик / верификатор ПЛИС;АО НПО дальней радиолокации;https://hh.ru/employer/5162605?hhtmFrom=vacancy_search_list;220000;250000;₽;до вычета налогов
Инженер - программист 1 категории (01010-1);АО Моринформсистема-Агат, Концерн;https://hh.ru/employer/179533?hhtmFrom=vacancy_search_list;110000;0;₽;на руки
Backend разработчик (Python, Django) / Автоматизация и аналитика корпоративного бизнеса;АО ДОМ.РФ ИТ;https://hh.ru/employer/11680?dpt=11680-11680-it&hhtmFrom=vacancy_search_list;;;;
Инженер по автоматизации тестирования сетевого оборудования;ООО Т8;https://hh.ru/employer/575393?hhtmFrom=vacancy_search_list;;;;
Продуктовый аналитик;ООО СберОбразование;https://hh.ru/employer/5332874?hhtmFrom=vacancy_search_list;;;;
Product Analyst (remote);Купибилет;https://hh.ru/employer/950613?hhtmFrom=vacancy_search_list;;;;
ИТ Аналитик (RestApi);ООО Бристоль, сеть магазинов;https://hh.ru/employer/1189320?hhtmFrom=vacancy_search_list;230000;0;₽;до вычета налогов
Computer Vision Engineer, Perception;ООО АРТК;https://hh.ru/employer/10915117?hhtmFrom=vacancy_search_list;0;200000;₽;на руки
Тимлид (руководитель технического отдела), удаленно;FINAMP;https://hh.ru/employer/5468852?hhtmFrom=vacancy_search_list;100;150000;₽;на руки
Research Engineer, Computer Vision, Perception;ООО АРТК;https://hh.ru/employer/10915117?hhtmFrom=vacancy_search_list;0;300000;₽;на руки
Ведущий администратор Linux;Платформа ОФД;https://hh.ru/employer/3536900?hhtmFrom=vacancy_search_list;200000;280000;₽;до вычета налогов
Системный администратор Linux/Unix;ПАО ВТБ, Технологический блок;https://hh.ru/employer/4181?dpt=vtb-4181-teh&hhtmFrom=vacancy_search_list;;;;
Golang Developer/Middle Go;ООО Концепт-Технологии;https://hh.ru/employer/9288282?hhtmFrom=vacancy_search_list;125000;280000;₽;на руки
Senior Data Scientist / ML разработчик;ООО Гудфокаст;https://hh.ru/employer/2782259?hhtmFrom=vacancy_search_list;;;;
Тестировщик Junior;ТрансМашХолдинг ;https://hh.ru/employer/3414?dpt=3414-3414-trans&hhtmFrom=vacancy_search_list;;;;
Системный аналитик;Лига Цифровой Экономики;https://hh.ru/employer/2733062?hhtmFrom=vacancy_search_list;;;;
Data Scientist в Антифрод;Яндекс;https://hh.ru/employer/1740?dpt=yandex-1740-yandex&hhtmFrom=vacancy_search_list;;;;
QA-lead автоматизации тестирования (WebProxy);Солар;https://hh.ru/employer/1793216?hhtmFrom=vacancy_search_list;;;;
Инженер технической поддержки (L2);Simtech Development;https://hh.ru/employer/570957?hhtmFrom=vacancy_search_list;;;;
Стажер отдела BI;БУРГЕР КИНГ РОССИЯ;https://hh.ru/employer/625332?hhtmFrom=vacancy_search_list;;;;
Ведущий аналитик отдела компенсаций и льгот;Петрович, Строительный Торговый Дом;https://hh.ru/employer/77364?hhtmFrom=vacancy_search_list;;;;
Ведущий аналитик;Петрович, Строительный Торговый Дом;https://hh.ru/employer/77364?hhtmFrom=vacancy_search_list;;;;
Data Engineer;ООО Автомакон;https://hh.ru/employer/839098?hhtmFrom=vacancy_search_list;250000;400000;₽;на руки
DevOps инженер (Senior);Right Line;https://hh.ru/employer/3649870?hhtmFrom=vacancy_search_list;;;;
Разработчик отдела виртуализации (C);Hyperus;https://hh.ru/employer/10399986?hhtmFrom=vacancy_search_list;;;;
QA engineer (офис);Кадровое агентство BWG;https://hh.ru/employer/9472604?hhtmFrom=vacancy_search_list;150000;0;₽;на руки
Консультант по разработке систем управления складами;Мираторг, Агропромышленный холдинг;https://hh.ru/employer/17275?hhtmFrom=vacancy_search_list;;;;
Antifraud analyst;ООО Ок Софт;https://hh.ru/employer/5692713?hhtmFrom=vacancy_search_list;;;;
Аналитик SQL- Качества данных;ООО ГК Иннотех | Большие данные;https://hh.ru/employer/4649269?dpt=4649269-4649269-bigdata&hhtmFrom=vacancy_search_list;;;;
QA Automation Engineer;Spice Agency;https://hh.ru/employer/654435?hhtmFrom=vacancy_search_list;;;;
C++ Developer;VK, ВКонтакте;https://hh.ru/employer/15478?dpt=mailru-15478-vkontakt&hhtmFrom=vacancy_search_list;;;;
Главный DataEngineer;АльфаСтрахование;https://hh.ru/employer/370?hhtmFrom=vacancy_search_list;;;;
Senior ML Engineer;ООО Оскели Групп;https://hh.ru/employer/2748042?hhtmFrom=vacancy_search_list;;;;
Программист-исследователь (проект Поиск);VK;https://hh.ru/employer/15478?dpt=mailru-15478-other&hhtmFrom=vacancy_search_list;;;;
Инженер по тестированию;АО РАСЧЕТНЫЕ РЕШЕНИЯ;https://hh.ru/employer/699283?hhtmFrom=vacancy_search_list;;;;
Бизнес-аналитик;Сбер для экспертов;https://hh.ru/employer/3529?dpt=3529-3529-prof&hhtmFrom=vacancy_search_list;;;;
"Аналитик данных в стрим ""Информационные сервисы"" продукт ""История операций""";ПАО ВТБ, Розничный бизнес;https://hh.ru/employer/4181?dpt=vtb-4181-rbiz&hhtmFrom=vacancy_search_list;;;;
Разработчик интегральных схем ПЛИС(FPGA)/Инженер-программист ПЛИС;АО НПО дальней радиолокации;https://hh.ru/employer/5162605?hhtmFrom=vacancy_search_list;0;200000;₽;до вычета налогов
Middle С++ Developer по встраиванию решений видеоаналитики;DSSL;https://hh.ru/employer/2888?hhtmFrom=vacancy_search_list;;;;
Data analyst / Аналитик данных;ООО IQnergy;https://hh.ru/employer/2152712?hhtmFrom=vacancy_search_list;;;;
Разработчик С++;СБЕРКОРУС;https://hh.ru/employer/946607?hhtmFrom=vacancy_search_list;;;;
Data Engineer (Data Quality / Data Governance);ООО ФЛАУВАУ;https://hh.ru/employer/5063336?hhtmFrom=vacancy_search_list;;;;
DWH-аналитик в команду IT Treasury team;Райффайзен Банк;https://hh.ru/employer/4023?hhtmFrom=vacancy_search_list;;;;
Lead Data Engineer;Сбер. IT;https://hh.ru/employer/3529?dpt=3529-3529-it&hhtmFrom=vacancy_search_list;;;;
Системный администратор;ООО Ртк-Элемент;https://hh.ru/employer/9230673?hhtmFrom=vacancy_search_list;;;;
Репетитор по информатике (удаленно);Онлайн-школа Тетрика;https://hh.ru/employer/3731347?hhtmFrom=vacancy_search_list;0;72000;₽;до вычета налогов
Data Scientist;Вкусно — и точка;https://hh.ru/employer/2624085?hhtmFrom=vacancy_search_list;;;;
Java разработчик (Senior);Почтатех;https://hh.ru/employer/4543942?hhtmFrom=vacancy_search_list;;;;
Аналитик BI, удаленно;ВкусВилл. Офис;https://hh.ru/employer/816144?dpt=816144-816144-office&hhtmFrom=vacancy_search_list;;;;
Middle аналитик данных;ООО Медиапоинт;https://hh.ru/employer/4482374?hhtmFrom=vacancy_search_list;;;;
Senior Аналитик данных;ООО Медиапоинт;https://hh.ru/employer/4482374?hhtmFrom=vacancy_search_list;;;;
ETL/DWH developer (Data Cloud);Почтатех;https://hh.ru/employer/4543942?hhtmFrom=vacancy_search_list;;;;
ML Engineer в Цифровой ассистент;VK;https://hh.ru/employer/15478?dpt=mailru-15478-other&hhtmFrom=vacancy_search_list;;;;
Руководитель отдела разработки устройств;Декаст;https://hh.ru/employer/149846?hhtmFrom=vacancy_search_list;;;;
Site Reliability Engineer;Astrum Entertainment;https://hh.ru/employer/8981150?hhtmFrom=vacancy_search_list;;;;
Data Engineer (DWH Arch);ООО ФЛАУВАУ;https://hh.ru/employer/5063336?hhtmFrom=vacancy_search_list;;;;
Дата-инженер (Loginom);ORO;https://hh.ru/employer/7312?hhtmFrom=vacancy_search_list;;;;
Full-Stack Developer в команду внутренней разработки;VK, ВКонтакте;https://hh.ru/employer/15478?dpt=mailru-15478-vkontakt&hhtmFrom=vacancy_search_list;;;;
Fullstack QA Engineer;WILDBERRIES;https://hh.ru/employer/87021?hhtmFrom=vacancy_search_list;;;;
QA Инженер (MaxPatrol10);Positive Technologies;https://hh.ru/employer/26624?hhtmFrom=vacancy_search_list;;;;
Senior Rust Developer;Криптонит;https://hh.ru/employer/3491569?hhtmFrom=vacancy_search_list;;;;
WEB-аналитик;Biglion;https://hh.ru/employer/656481?hhtmFrom=vacancy_search_list;;;;
Старший специалист по верификации RTL (Senior);Дизайн-центр цифровой микроэлектроники МГУ имени М.В. Ломоносова;https://hh.ru/employer/3847284?hhtmFrom=vacancy_search_list;160000;200000;₽;на руки
Разработчик связных алгоритмов;АО НПЦ ЭЛВИС;https://hh.ru/employer/206972?hhtmFrom=vacancy_search_list;;;;
Middle Инженер-разработчик RTL;Цифровые решения, НПП;https://hh.ru/employer/153479?hhtmFrom=vacancy_search_list;250000;0;₽;на руки
Embeded разработчик под Linux;ООО ГК МФМК;https://hh.ru/employer/1173188?hhtmFrom=vacancy_search_list;;;;
Team Lead Data Science (Anti-fraud);ООО Медиапоинт;https://hh.ru/employer/4482374?hhtmFrom=vacancy_search_list;;;;
Руководитель отдела разработки;ООО ГОЛДЕНГУС ИНТЕРНЕШНЛ;https://hh.ru/employer/3569117?hhtmFrom=vacancy_search_list;;;;
Senior разработчик С (Си);ООО НТЦ Ротек;https://hh.ru/employer/1075575?hhtmFrom=vacancy_search_list;250000;0;₽;на руки
Web-аналитик;Coral Club;https://hh.ru/employer/1307995?hhtmFrom=vacancy_search_list;;;;
Системный инженер;ООО Киберпротект;https://hh.ru/employer/4357678?hhtmFrom=vacancy_search_list;;;;
